﻿designator,quantity,value,pack,mpn,mount_type
C1,1,1000uf/25V,CP_Radial_D10.0mm_P5.00mm,,tht
C2,1,100uf/25V,CP_Radial_D10.0mm_P5.00mm,,tht
"C3, C4",2,10uF/63V,CP_Radial_D5.0mm_P2.50mm,,tht
"D1, D2",2,1N5408/DIODE,D_5W_P12.70mm_Horizontal,,tht
D3,1,GBU4A/BRIDGE_RECT,Diode_Bridge_Vishay_GBU,,tht
D4,1,LED_POW,LED_D5.0mm,,tht
D5,1,1N5408/FWD,D_5W_P12.70mm_Horizontal,,tht
D6,1,LED,LED_D5.0mm,,tht
D7,1,LOAD_STATUS,LED_D5.0mm,,tht
J1,1,EXT_POW,TerminalBlock_4Ucon_1x02_P3.50mm_Horizontal,,tht
J2,1,24VAC _LOAD,TerminalBlock_4Ucon_1x02_P3.50mm_Horizontal,,tht
J3,1,AC_INPUT,TerminalBlock_4Ucon_1x02_P3.50mm_Horizontal,,tht
J4,1,DC_LOAD,TerminalBlock_4Ucon_1x02_P3.50mm_Horizontal,,tht
J5,1,POW_SHARE,TerminalBlock_4Ucon_1x02_P3.50mm_Horizontal,,tht
J6,1,USB_C_Receptacle_PowerOnly_6P,USB_C_Receptacle_GCT_USB4125-xx-x-0190_6P_TopMnt_Horizontal,,smt
"Q1, Q2, Q3, Q4, Q5, Q6, Q7",7,BD139,TO-126-3_Vertical,,tht
"R1, R19, R20, R21, R22, R25",6,220,R_Axial_DIN0207_L6.3mm_D2.5mm_P15.24mm_Horizontal,,tht
"R10, R16",2,120R,R_Axial_DIN0207_L6.3mm_D2.5mm_P15.24mm_Horizontal,,tht
"R11, R12, R2, R4, R5, R6, R7, R8, R9",9,220R,R_Axial_DIN0207_L6.3mm_D2.5mm_P15.24mm_Horizontal,,tht
R13,1,500R,R_Axial_DIN0207_L6.3mm_D2.5mm_P15.24mm_Horizontal,,tht
R14,1,1.5k,R_Axial_DIN0207_L6.3mm_D2.5mm_P15.24mm_Horizontal,,tht
R15,1,2k,R_Axial_DIN0207_L6.3mm_D2.5mm_P15.24mm_Horizontal,,tht
R17,1,20k,R_Axial_DIN0207_L6.3mm_D2.5mm_P15.24mm_Horizontal,,tht
R18,1,8k,R_Axial_DIN0207_L6.3mm_D2.5mm_P15.24mm_Horizontal,,tht
"R23, R24, R26, R31",4,1R,R_Axial_Power_L20.0mm_W6.4mm_P30.48mm,,tht
R27,1,150R,R_Axial_DIN0207_L6.3mm_D2.5mm_P15.24mm_Horizontal,,tht
R28,1,1k,R_Axial_DIN0207_L6.3mm_D2.5mm_P15.24mm_Horizontal,,tht
R29,1,3k,R_Axial_DIN0207_L6.3mm_D2.5mm_P15.24mm_Horizontal,,tht
R3,1,1R,R_Axial_DIN0617_L17.0mm_D6.0mm_P25.40mm_Horizontal,,tht
R30,1,5k,R_Axial_DIN0207_L6.3mm_D2.5mm_P15.24mm_Horizontal,,tht
"R32, R33",2,5.1k,R_Axial_DIN0207_L6.3mm_D2.5mm_P15.24mm_Horizontal,,tht
U1,1,ESP8266,MODULE_ZC563900,,tht
"U10, U11, U12, U13, U14, U15, U16, U4, U6, U7, U9",11,PC817,DIP-4_W7.62mm,,tht
U2,1,RELAY_INT,J107F,,tht
U3,1,RELAY_PS,J107F,,tht
U5,1,LM7824_TO220,TO-220-3_Vertical,,tht
U8,1,LM317_TO-220,TO-220-3_Vertical,,tht
