﻿pos_x,pos_y,rotation,side,designator,mpn,pack,value,mount_type,place
205.74,-129.54,180.0,top,C1,,CP_Radial_D10.0mm_P5.00mm,1000uf/25V,tht,True
193.04,-116.92,-90.0,top,C2,,CP_Radial_D10.0mm_P5.00mm,100uf/25V,tht,True
188.0,-111.76,0.0,top,C3,,CP_Radial_D5.0mm_P2.50mm,10uF/63V,tht,True
198.16,-139.7,0.0,top,C4,,CP_Radial_D5.0mm_P2.50mm,10uF/63V,tht,True
132.08,-128.27,-90.0,top,D1,,D_5W_P12.70mm_Horizontal,1N5408/DIODE,tht,True
165.1,-138.43,90.0,top,D2,,D_5W_P12.70mm_Horizontal,1N5408/DIODE,tht,True
208.28,-106.68,90.0,top,D3,,Diode_Bridge_Vishay_GBU,GBU4A/BRIDGE_RECT,tht,True
182.88,-104.14,180.0,top,D4,,LED_D5.0mm,LED_POW,tht,True
125.73,-137.16,180.0,top,D5,,D_5W_P12.70mm_Horizontal,1N5408/FWD,tht,True
180.34,-113.03,0.0,top,D6,,LED_D5.0mm,LED,tht,True
180.34,-121.92,0.0,top,D7,,LED_D5.0mm,LOAD_STATUS,tht,True
154.6,-41.0,180.0,top,D8,,D_5W_P12.70mm_Horizontal,1N5408/DIODE,tht,True
160.02,-144.78,0.0,top,J1,,TerminalBlock_4Ucon_1x02_P3.50mm_Horizontal,EXT_POW,tht,True
191.0,-42.6,180.0,top,J2,,TerminalBlock_4Ucon_1x02_P3.50mm_Horizontal,AC_LOAD,tht,True
208.28,-84.78,90.0,top,J3,,TerminalBlock_4Ucon_1x02_P3.50mm_Horizontal,AC_STEPDOWN,tht,True
118.42,-144.78,0.0,top,J4,,TerminalBlock_4Ucon_1x02_P3.50mm_Horizontal,DC_LOAD,tht,True
205.74,-144.78,0.0,top,J5,,TerminalBlock_4Ucon_1x02_P3.50mm_Horizontal,POW_SHARE,tht,True
147.0,-150.75,0.0,top,J6,,USB_C_Receptacle_GCT_USB4125-xx-x-0190_6P_TopMnt_Horizontal,USB_C_Receptacle_PowerOnly_6P,smt,True
208.0,-42.25,180.0,top,J7,,TerminalBlock_4Ucon_1x02_P3.50mm_Horizontal,220VAC,tht,True
213.5,-52.75,90.0,top,J8,,TerminalBlock_4Ucon_1x02_P3.50mm_Horizontal,220VAC-TRANS,tht,True
152.75,-47.25,180.0,top,K1,,RELAY_G3MB-202PDC5,G3MB-202PDC5,tht,True
134.62,-144.78,180.0,top,Q1,,TO-126-3_Vertical,BD139,tht,True
127.0,-119.64,-90.0,top,Q2,,TO-126-3_Vertical,BD139,tht,True
185.16,-76.2,180.0,top,Q3,,TO-126-3_Vertical,BD139,tht,True
180.34,-83.54,0.0,top,Q4,,TO-126-3_Vertical,BD139,tht,True
180.34,-88.34,0.0,top,Q5,,TO-126-3_Vertical,BD139,tht,True
180.34,-93.14,0.0,top,Q6,,TO-126-3_Vertical,BD139,tht,True
180.34,-97.94,0.0,top,Q7,,TO-126-3_Vertical,BD139,tht,True
142.19,-63.0,0.0,top,Q8,,TO-126-3_Vertical,BD139,tht,True
190.5,-106.68,90.0,top,R1,,R_Axial_DIN0207_L6.3mm_D2.5mm_P15.24mm_Horizontal,220,tht,True
86.36,-142.24,0.0,top,R10,,R_Axial_DIN0207_L6.3mm_D2.5mm_P15.24mm_Horizontal,120R,tht,True
175.26,-116.84,90.0,top,R11,,R_Axial_DIN0207_L6.3mm_D2.5mm_P15.24mm_Horizontal,220R,tht,True
109.22,-127.0,180.0,top,R12,,R_Axial_DIN0207_L6.3mm_D2.5mm_P15.24mm_Horizontal,220R,tht,True
160.02,-101.6,-90.0,top,R13,,R_Axial_DIN0207_L6.3mm_D2.5mm_P15.24mm_Horizontal,500R,tht,True
165.1,-101.6,-90.0,top,R14,,R_Axial_DIN0207_L6.3mm_D2.5mm_P15.24mm_Horizontal,1.5k,tht,True
154.94,-124.46,180.0,top,R15,,R_Axial_DIN0207_L6.3mm_D2.5mm_P15.24mm_Horizontal,2k,tht,True
109.22,-132.08,180.0,top,R16,,R_Axial_DIN0207_L6.3mm_D2.5mm_P15.24mm_Horizontal,120R,tht,True
170.18,-101.6,-90.0,top,R17,,R_Axial_DIN0207_L6.3mm_D2.5mm_P15.24mm_Horizontal,20k,tht,True
142.24,-96.52,180.0,top,R18,,R_Axial_DIN0207_L6.3mm_D2.5mm_P15.24mm_Horizontal,8k,tht,True
127.0,-73.66,0.0,top,R19,,R_Axial_DIN0207_L6.3mm_D2.5mm_P15.24mm_Horizontal,220R,tht,True
83.82,-109.22,-90.0,top,R2,,R_Axial_DIN0207_L6.3mm_D2.5mm_P15.24mm_Horizontal,220R,tht,True
127.0,-78.74,0.0,top,R20,,R_Axial_DIN0207_L6.3mm_D2.5mm_P15.24mm_Horizontal,220,tht,True
127.0,-83.82,0.0,top,R21,,R_Axial_DIN0207_L6.3mm_D2.5mm_P15.24mm_Horizontal,220,tht,True
127.0,-88.9,0.0,top,R22,,R_Axial_DIN0207_L6.3mm_D2.5mm_P15.24mm_Horizontal,220,tht,True
170.18,-55.88,180.0,top,R23,,R_Axial_Power_L20.0mm_W6.4mm_P30.48mm,1R,tht,True
205.25,-67.95,180.0,top,R24,,R_Axial_Power_L20.0mm_W6.4mm_P30.48mm,1R,tht,True
160.02,-121.92,0.0,top,R25,,R_Axial_DIN0207_L6.3mm_D2.5mm_P15.24mm_Horizontal,220,tht,True
205.25,-60.0,180.0,top,R26,,R_Axial_Power_L20.0mm_W6.4mm_P30.48mm,1R,tht,True
160.02,-76.2,90.0,top,R27,,R_Axial_DIN0207_L6.3mm_D2.5mm_P15.24mm_Horizontal,150R,tht,True
165.25,-60.88,-90.0,top,R28,,R_Axial_DIN0207_L6.3mm_D2.5mm_P15.24mm_Horizontal,120R,tht,True
160.02,-96.52,90.0,top,R29,,R_Axial_DIN0207_L6.3mm_D2.5mm_P15.24mm_Horizontal,3k,tht,True
78.74,-111.76,-90.0,top,R3,,R_Axial_DIN0617_L17.0mm_D6.0mm_P25.40mm_Horizontal,1R,tht,True
165.1,-96.52,90.0,top,R30,,R_Axial_DIN0207_L6.3mm_D2.5mm_P15.24mm_Horizontal,5k,tht,True
205.25,-52.05,180.0,top,R31,,R_Axial_Power_L20.0mm_W6.4mm_P30.48mm,1R,tht,True
177.26,-145.2,0.0,top,R32,,R_Axial_DIN0207_L6.3mm_D2.5mm_P15.24mm_Horizontal,5.1k,tht,True
177.26,-149.25,0.0,top,R33,,R_Axial_DIN0207_L6.3mm_D2.5mm_P15.24mm_Horizontal,5.1k,tht,True
172.72,-127.0,-90.0,top,R4,,R_Axial_DIN0207_L6.3mm_D2.5mm_P15.24mm_Horizontal,220R,tht,True
127.0,-101.6,0.0,top,R5,,R_Axial_DIN0207_L6.3mm_D2.5mm_P15.24mm_Horizontal,220R,tht,True
127.0,-106.68,0.0,top,R6,,R_Axial_DIN0207_L6.3mm_D2.5mm_P15.24mm_Horizontal,220R,tht,True
127.0,-111.76,0.0,top,R7,,R_Axial_DIN0207_L6.3mm_D2.5mm_P15.24mm_Horizontal,220R,tht,True
101.6,-137.16,180.0,top,R8,,R_Axial_DIN0207_L6.3mm_D2.5mm_P15.24mm_Horizontal,220R,tht,True
172.72,-96.52,90.0,top,R9,,R_Axial_DIN0207_L6.3mm_D2.5mm_P15.24mm_Horizontal,220R,tht,True
101.346,-98.044,0.0,top,U1,,MODULE_ZC563900,ESP8266,tht,True
147.32,-108.206,0.0,top,U10,,DIP-4_W7.62mm,PC817,tht,True
147.32,-116.589,0.0,top,U11,,DIP-4_W7.62mm,PC817,tht,True
115.58,-128.265,0.0,top,U12,,DIP-4_W7.62mm,PC817,tht,True
147.32,-67.054,0.0,top,U13,,DIP-4_W7.62mm,PC817,tht,True
147.32,-74.674,0.0,top,U14,,DIP-4_W7.62mm,PC817,tht,True
147.32,-83.057,0.0,top,U15,,DIP-4_W7.62mm,PC817,tht,True
147.32,-91.44,0.0,top,U16,,DIP-4_W7.62mm,PC817,tht,True
137.91325,-142.29175,0.0,top,U2,,J107F,RELAY_INT,tht,True
176.01325,-142.29175,0.0,top,U3,,J107F,RELAY_PS,tht,True
90.175,-125.74,-90.0,top,U4,,DIP-4_W7.62mm,PC817,tht,True
195.58,-101.6,-90.0,top,U5,,TO-220-3_Vertical,LM7824_TO220,tht,True
135.9,-118.105,0.0,top,U6,,DIP-4_W7.62mm,PC817,tht,True
107.955,-135.9,-90.0,top,U7,,DIP-4_W7.62mm,PC817,tht,True
193.04,-86.36,90.0,top,U8,,TO-220-3_Vertical,LM317_TO-220,tht,True
147.32,-99.823,0.0,top,U9,,DIP-4_W7.62mm,PC817,tht,True
