﻿Designator,Footprint,Quantity,Value,LCSC Part #
C1,CP_Radial_D10.0mm_P5.00mm,1,1000uf/25V,
C2,CP_Radial_D10.0mm_P5.00mm,1,100uf/25V,
"C3, C4",CP_Radial_D5.0mm_P2.50mm,2,10uF/63V,
"D1, D2, D8",D_5W_P12.70mm_Horizontal,3,1N5408/DIODE,
D3,Diode_Bridge_Vishay_GBU,1,GBU4A/BRIDGE_RECT,
D4,LED_D5.0mm,1,LED_POW,
D5,D_5W_P12.70mm_Horizontal,1,1N5408/FWD,
D6,LED_D5.0mm,1,LED,
D7,LED_D5.0mm,1,LOAD_STATUS,
J1,TerminalBlock_4Ucon_1x02_P3.50mm_Horizontal,1,EXT_POW,
J2,TerminalBlock_4Ucon_1x02_P3.50mm_Horizontal,1,AC_LOAD,
J3,TerminalBlock_4Ucon_1x02_P3.50mm_Horizontal,1,AC_STEPDOWN,
J4,TerminalBlock_4Ucon_1x02_P3.50mm_Horizontal,1,DC_LOAD,
J5,TerminalBlock_4Ucon_1x02_P3.50mm_Horizontal,1,POW_SHARE,
J6,USB_C_Receptacle_GCT_USB4125-xx-x-0190_6P_TopMnt_Horizontal,1,USB_C_Receptacle_PowerOnly_6P,
J7,TerminalBlock_4Ucon_1x02_P3.50mm_Horizontal,1,220VAC,
J8,TerminalBlock_4Ucon_1x02_P3.50mm_Horizontal,1,220VAC-TRANS,
K1,RELAY_G3MB-202PDC5,1,G3MB-202PDC5,
"Q1, Q2, Q3, Q4, Q5, Q6, Q7, Q8",TO-126-3_Vertical,8,BD139,
"R1, R20, R21, R22, R25",R_Axial_DIN0207_L6.3mm_D2.5mm_P15.24mm_Horizontal,5,220,
"R10, R16, R28",R_Axial_DIN0207_L6.3mm_D2.5mm_P15.24mm_Horizontal,3,120R,
"R11, R12, R19, R2, R4, R5, R6, R7, R8, R9",R_Axial_DIN0207_L6.3mm_D2.5mm_P15.24mm_Horizontal,10,220R,
R13,R_Axial_DIN0207_L6.3mm_D2.5mm_P15.24mm_Horizontal,1,500R,
R14,R_Axial_DIN0207_L6.3mm_D2.5mm_P15.24mm_Horizontal,1,1.5k,
R15,R_Axial_DIN0207_L6.3mm_D2.5mm_P15.24mm_Horizontal,1,2k,
R17,R_Axial_DIN0207_L6.3mm_D2.5mm_P15.24mm_Horizontal,1,20k,
R18,R_Axial_DIN0207_L6.3mm_D2.5mm_P15.24mm_Horizontal,1,8k,
"R23, R24, R26, R31",R_Axial_Power_L20.0mm_W6.4mm_P30.48mm,4,1R,
R27,R_Axial_DIN0207_L6.3mm_D2.5mm_P15.24mm_Horizontal,1,150R,
R29,R_Axial_DIN0207_L6.3mm_D2.5mm_P15.24mm_Horizontal,1,3k,
R3,R_Axial_DIN0617_L17.0mm_D6.0mm_P25.40mm_Horizontal,1,1R,
R30,R_Axial_DIN0207_L6.3mm_D2.5mm_P15.24mm_Horizontal,1,5k,
"R32, R33",R_Axial_DIN0207_L6.3mm_D2.5mm_P15.24mm_Horizontal,2,5.1k,
U1,MODULE_ZC563900,1,ESP8266,
"U10, U11, U12, U13, U14, U15, U16, U4, U6, U7, U9",DIP-4_W7.62mm,11,PC817,
U2,J107F,1,RELAY_INT,
U3,J107F,1,RELAY_PS,
U5,TO-220-3_Vertical,1,LM7824_TO220,
U8,TO-220-3_Vertical,1,LM317_TO-220,
